session_id,case_id,ground_truth,distance,repeat_index,frame_index,crop_sha256,crop_width,crop_height,frame_width,frame_height,qr_coverage,payload_decode_status,payload_hash_matches,quality_status,quality_conditions,p05_luminance,p95_luminance,dynamic_range,laplacian_variance,p_structural_raw,p_structural_effective,structural_type,structural_status,semantic_status,p_url,risk_score,verdict,partial_analysis,elapsed_ms
bac432e4a94f2498d7c1f22d,ACQ-CLN-V10-LONG,clean,screen-100-brightness-100,1,0,488f8a98e22c0be9699116667a7cfbf6027d7348fd62b96aa0ca2e3c7a745592,540,540,960.0,1280.0,0.14014607747395832,decoded,True,usable,normal,60.0,229.0,169.0,3045.7265625,0.037325501441955566,0.037325501441955566,clean,completed,not_applicable,,1,safe,False,729
bac432e4a94f2498d7c1f22d,ACQ-CLN-V10-LONG,clean,screen-100-brightness-100,1,1,53693e2bd13927ce38fb3b67f925be4e922097767ac8124ff3a788bf3304555d,542,542,960.0,1280.0,0.14116455078125,decoded,True,usable,normal,24.0,225.0,201.0,4110.80517578125,0.012276887893676758,0.012276887893676758,clean,completed,not_applicable,,1,safe,False,93
bac432e4a94f2498d7c1f22d,ACQ-CLN-V10-LONG,clean,screen-100-brightness-100,1,2,587fd4af69799db5c720662c0dcc99485b207faf1fbd0466a2d4d461835637af,541,541,960.0,1280.0,0.14099853515625,decoded,True,usable,normal,24.0,225.0,201.0,4177.0029296875,0.01046055555343628,0.01046055555343628,clean,completed,not_applicable,,1,safe,False,90
bac432e4a94f2498d7c1f22d,ACQ-CLN-V10-LONG,clean,screen-100-brightness-100,1,3,818b4fa79ace34ace8f972ee50a8a6add77248317f1d6fab7351fb876adc527e,545,545,960.0,1280.0,0.143035888671875,decoded,True,usable,normal,75.0,255.0,180.0,3514.72021484375,0.005048394203186035,0.005048394203186035,clean,completed,not_applicable,,1,safe,False,98
bac432e4a94f2498d7c1f22d,ACQ-CLN-V10-LONG,clean,screen-100-brightness-100,1,4,f8275d4b4e8ad85f6658220f11993b561bb4b20255410d467cd555646b16c6c6,553,553,960.0,1280.0,0.14699422200520834,decoded,True,usable,normal,66.0,229.0,163.0,3026.072998046875,0.024072766304016113,0.024072766304016113,clean,completed,not_applicable,,1,safe,False,100
7ff73f637adfb95e27cef952,ACQ-CLN-V10-LONG,clean,screen-100-brightness-30,1,0,f08746bfe4a5edc7c33f332b7f6dd7d737338dd2a532055943ce0f108fb7e11d,609,609,960.0,1280.0,0.17823486328125,decoded,True,usable,normal,40.0,230.0,190.0,2404.901123046875,0.04592466354370117,0.04592466354370117,clean,completed,not_applicable,,1,safe,False,144
7ff73f637adfb95e27cef952,ACQ-CLN-V10-LONG,clean,screen-100-brightness-30,1,1,3ec0ef8e4a447ccea438733faa043ad5047d88de24b9dde681baf2bd4eb3e41d,552,552,960.0,1280.0,0.14681111653645834,decoded,True,usable,normal,25.0,225.0,200.0,4286.40234375,0.007568001747131348,0.007568001747131348,clean,completed,not_applicable,,1,safe,False,275
7ff73f637adfb95e27cef952,ACQ-CLN-V10-LONG,clean,screen-100-brightness-30,1,2,e37a773965456c34271970d06cd0c5549a17105616f2d82211c337b29b3a0a6e,550,550,960.0,1280.0,0.14560546875,decoded,True,usable,normal,25.0,226.0,201.0,4261.86328125,0.009980320930480957,0.009980320930480957,clean,completed,not_applicable,,1,safe,False,95
7ff73f637adfb95e27cef952,ACQ-CLN-V10-LONG,clean,screen-100-brightness-30,1,3,348da740cb936cec4513f0175fa5a9c27762e4a82ae08bd16111424621c068b9,545,545,960.0,1280.0,0.14287679036458334,decoded,True,usable,normal,53.0,229.0,176.0,2934.43359375,0.02598714828491211,0.02598714828491211,clean,completed,not_applicable,,1,safe,False,90
7ff73f637adfb95e27cef952,ACQ-CLN-V10-LONG,clean,screen-100-brightness-30,1,4,47543785cee87c05a1840830ddcf7e75929189ef77ef81c24f1a3efd176451b4,549,549,960.0,1280.0,0.14493001302083333,decoded,True,usable,normal,54.0,228.0,174.0,2961.557373046875,0.011319518089294434,0.011319518089294434,clean,completed,not_applicable,,1,safe,False,92
cf354e76f50c01037f29eb39,ACQ-CLN-V10-LONG,clean,screen-80-brightness-50,1,0,1dd7f6233558520e2dd1eb959ef02969b714567f68976e7d8f728646493db444,579,579,960.0,1280.0,0.16118570963541667,decoded,True,usable,normal,54.0,229.0,175.0,2575.7880859375,0.021887242794036865,0.021887242794036865,clean,completed,not_applicable,,1,safe,False,266
cf354e76f50c01037f29eb39,ACQ-CLN-V10-LONG,clean,screen-80-brightness-50,1,1,566e14edd012a63b966288130d775d1d495da194f1540bf164a7907109dfd95e,570,570,960.0,1280.0,0.15631103515625,decoded,True,usable,normal,26.0,226.0,200.0,4422.4267578125,0.0073569416999816895,0.0073569416999816895,clean,completed,not_applicable,,1,safe,False,328
cf354e76f50c01037f29eb39,ACQ-CLN-V10-LONG,clean,screen-80-brightness-50,1,2,995fca82d04f544f76c07506eb6e50784a229b9deac8b4c38d14bafd9a1c37ef,570,570,960.0,1280.0,0.156494140625,decoded,True,usable,normal,27.0,226.0,199.0,4260.73974609375,0.0057582855224609375,0.0057582855224609375,clean,completed,not_applicable,,1,safe,False,97
cf354e76f50c01037f29eb39,ACQ-CLN-V10-LONG,clean,screen-80-brightness-50,1,3,2e53ab1104c0e607b934283517285e20c6d460308c471e09bc1248dbcfa004dd,567,567,960.0,1280.0,0.154912109375,decoded,True,usable,normal,51.0,255.0,204.0,4270.32373046875,0.005277752876281738,0.005277752876281738,clean,completed,not_applicable,,1,safe,False,95
cf354e76f50c01037f29eb39,ACQ-CLN-V10-LONG,clean,screen-80-brightness-50,1,4,acaf28cec6709dfcfcfceaaeba04fc1fc0ba76794325e3f967988cb60b3148ed,575,575,960.0,1280.0,0.15885823567708332,decoded,True,usable,normal,53.0,231.0,178.0,3156.273681640625,0.014515340328216553,0.014515340328216553,clean,completed,not_applicable,,1,safe,False,96
9d08142c58baad4e6e56b221,ACQ-CLN-V14-LONG,clean,screen-100-brightness-100,1,0,9ed7433850db1a3770de678f982147116fd140b9579b8ac85a2998a822de32aa,611,611,960.0,1280.0,0.17920003255208333,undecodable,False,usable,normal,62.0,231.0,169.0,3745.208984375,0.04815661907196045,0.04815661907196045,clean,completed,unavailable,,1,safe,True,615
9d08142c58baad4e6e56b221,ACQ-CLN-V14-LONG,clean,screen-100-brightness-100,1,1,2af3d7a320cd5b3bd9c99a9463a747a2f38bc7d1d65335a5237e90dd980dacaf,569,569,960.0,1280.0,0.155762939453125,undecodable,False,usable,normal,24.0,222.0,198.0,6136.478515625,0.02038782835006714,0.02038782835006714,clean,completed,unavailable,,1,safe,True,475
9d08142c58baad4e6e56b221,ACQ-CLN-V14-LONG,clean,screen-100-brightness-100,1,2,d0d72256cde08e36aeba6c1b83fd1907547e80f9ef025b3a249e531cf5695334,575,575,960.0,1280.0,0.158807373046875,undecodable,False,usable,normal,24.0,223.0,199.0,6161.8310546875,0.007504940032958984,0.007504940032958984,clean,completed,unavailable,,1,safe,True,455
9d08142c58baad4e6e56b221,ACQ-CLN-V14-LONG,clean,screen-100-brightness-100,1,3,61c114f48f7da2988f8da8015f5dd857aa9edb2f4d0c3ad62950fc504eef0dbd,572,572,960.0,1280.0,0.15719685872395833,undecodable,False,usable,normal,81.0,254.0,173.0,4861.5400390625,0.042926251888275146,0.042926251888275146,clean,completed,unavailable,,1,safe,True,451
9d08142c58baad4e6e56b221,ACQ-CLN-V14-LONG,clean,screen-100-brightness-100,1,4,f495de273337900e25cde5017a9769cc7453d3892f7b7817411a954257db43e0,574,574,960.0,1280.0,0.158460693359375,undecodable,False,usable,normal,62.0,228.0,166.0,4401.15869140625,0.02464240789413452,0.02464240789413452,clean,completed,unavailable,,1,safe,True,467
5513973a67f721dcc4444595,ACQ-CLN-V14-LONG,clean,screen-100-brightness-30,1,0,4a035d376f6b78837e5764334681e2796e3ea0d53b7150034e483e228a602337,526,526,960.0,1280.0,0.13314453125,undecodable,False,usable,normal,47.0,225.0,178.0,4189.810546875,0.021613121032714844,0.021613121032714844,clean,completed,unavailable,,1,safe,True,433
5513973a67f721dcc4444595,ACQ-CLN-V14-LONG,clean,screen-100-brightness-30,1,1,979046d106d41bbcfa7e54f86da6d39cd9bcff758f6b9d0a03968d0d69c69c92,532,532,960.0,1280.0,0.13585856119791667,undecodable,False,usable,normal,48.0,226.0,178.0,4337.9697265625,0.015221774578094482,0.015221774578094482,clean,completed,unavailable,,1,safe,True,409
5513973a67f721dcc4444595,ACQ-CLN-V14-LONG,clean,screen-100-brightness-30,1,2,fc07e05b64d7087446236ae9a7c28574dc200f00f2e5afc4e52600ae0899a4ed,540,540,960.0,1280.0,0.14001546223958333,undecodable,False,usable,normal,46.0,225.0,179.0,4296.7626953125,0.027316391468048096,0.027316391468048096,clean,completed,unavailable,,1,safe,True,427
5513973a67f721dcc4444595,ACQ-CLN-V14-LONG,clean,screen-100-brightness-30,1,3,68075aa49fd820545849af5a1bd5af71ca5df20def2a873dac231e0af7ed3460,537,537,960.0,1280.0,0.138505859375,undecodable,False,usable,normal,47.0,225.0,178.0,4363.55517578125,0.02314859628677368,0.02314859628677368,clean,completed,unavailable,,1,safe,True,439
5513973a67f721dcc4444595,ACQ-CLN-V14-LONG,clean,screen-100-brightness-30,1,4,5aea15d8289445a6bcc18a70b1ed3115dc511e10a6bc73211d6bd7eef4b70ac9,533,533,960.0,1280.0,0.1364990234375,undecodable,False,usable,normal,48.0,225.0,177.0,4302.7255859375,0.03725343942642212,0.03725343942642212,clean,completed,unavailable,,1,safe,True,389
4557a7d4ca821149d4e8cf00,ACQ-CLN-V14-LONG,clean,screen-80-brightness-50,1,0,1667de667e4634f0ebe752feaf92be6f02d7153c0e8f4007ab54b52a0d3d13fc,507,507,960.0,1280.0,0.12362019856770834,undecodable,False,usable,normal,50.0,223.0,173.0,3835.667236328125,0.011013269424438477,0.011013269424438477,clean,completed,unavailable,,1,safe,True,413
4557a7d4ca821149d4e8cf00,ACQ-CLN-V14-LONG,clean,screen-80-brightness-50,1,1,9dc4916e4bd3b058afa9b2de28e200f69222f1ccfeb2f8af892e40c4d827bb4c,536,536,960.0,1280.0,0.138115234375,undecodable,False,usable,normal,50.0,226.0,176.0,4462.7294921875,0.022538959980010986,0.022538959980010986,clean,completed,unavailable,,1,safe,True,393
4557a7d4ca821149d4e8cf00,ACQ-CLN-V14-LONG,clean,screen-80-brightness-50,1,2,281db4bf43e6d33fba73d718749eb6daf9808d1327f165ead16a8316738ef7be,540,540,960.0,1280.0,0.14031778971354167,undecodable,False,usable,normal,54.0,229.0,175.0,4501.9736328125,0.01865774393081665,0.01865774393081665,clean,completed,unavailable,,1,safe,True,408
4557a7d4ca821149d4e8cf00,ACQ-CLN-V14-LONG,clean,screen-80-brightness-50,1,3,863b7918111bf85878f3fec185c76effb4164517fef4140b6794efc1bcf4a5a6,541,541,960.0,1280.0,0.14082234700520832,undecodable,False,usable,normal,56.0,230.0,174.0,4512.1572265625,0.019499659538269043,0.019499659538269043,clean,completed,unavailable,,1,safe,True,433
4557a7d4ca821149d4e8cf00,ACQ-CLN-V14-LONG,clean,screen-80-brightness-50,1,4,bb3c1e4a3f8efda1ef74e05ae754f0095b828a785cdc8c1d58a1948d894e8246,541,541,960.0,1280.0,0.140650634765625,undecodable,False,usable,normal,56.0,229.0,173.0,4429.3935546875,0.015621721744537354,0.015621721744537354,clean,completed,unavailable,,1,safe,True,557
aa6c2d50e262633f0bf139f7,SEM-05-USERINFO,clean,screen-100-brightness-100,1,0,2b20144865e5b59683b2da9ff31c89c38e246d3c106555f8df7d96bd710f597c,485,485,960.0,1280.0,0.11306437174479167,decoded,True,usable,normal,51.0,228.0,177.0,2257.7822265625,0.009337842464447021,0.009337842464447021,clean,completed,completed,0.9842895841469359,80,blocked,False,776
aa6c2d50e262633f0bf139f7,SEM-05-USERINFO,clean,screen-100-brightness-100,1,1,e70ab8440f97ce89907c75eca1d3ded0313617c67f12ee55eab71f2da66894a8,503,503,960.0,1280.0,0.12155598958333333,decoded,True,usable,normal,28.0,224.0,196.0,2794.6611328125,0.01914113759994507,0.01914113759994507,clean,completed,completed,0.9842895841469359,81,blocked,False,303
aa6c2d50e262633f0bf139f7,SEM-05-USERINFO,clean,screen-100-brightness-100,1,2,f7a3c3f822108916acf0d9c13e6308923fed14887ebe2b9d32fcd0ae0ca40c29,508,508,960.0,1280.0,0.124407958984375,decoded,True,usable,normal,28.0,224.0,196.0,2873.337890625,0.07094210386276245,0.07094210386276245,clean,completed,completed,0.9842895841469359,86,blocked,False,100
aa6c2d50e262633f0bf139f7,SEM-05-USERINFO,clean,screen-100-brightness-100,1,3,1904fc13b50e0bdcdb4123220c99cabb9ea280abda2a98c85ec3f4316b850aa9,512,512,960.0,1280.0,0.12616170247395833,decoded,True,usable,normal,28.0,224.0,196.0,2846.516357421875,0.08532476425170898,0.08532476425170898,clean,completed,completed,0.9842895841469359,87,blocked,False,287
aa6c2d50e262633f0bf139f7,SEM-05-USERINFO,clean,screen-100-brightness-100,1,4,3ca14637f6e7ea699a4d51d11eb9d99c1dae01b628c546c7c136fc249892e2ed,515,515,960.0,1280.0,0.12761067708333335,decoded,True,usable,normal,61.0,227.0,166.0,2046.8565673828125,0.04069030284881592,0.04069030284881592,clean,completed,completed,0.9842895841469359,83,blocked,False,273
8f395c5d4d608380c4ffe623,SEM-05-USERINFO,clean,screen-100-brightness-30,1,0,cee8cbf70161faffd6739204e1fc5e8bcb479d0deffa8c1cf83b3c112aedc2e2,530,530,960.0,1280.0,0.13529296875,decoded,True,usable,normal,46.0,192.0,146.0,1699.3546142578125,0.08762770891189575,0.08762770891189575,clean,completed,completed,0.9842895841469359,88,blocked,False,402
8f395c5d4d608380c4ffe623,SEM-05-USERINFO,clean,screen-100-brightness-30,1,1,25dd8c03940fa1833bfc3fc0b10f9433b528e54a004ed85601eba83e35af65a6,532,532,960.0,1280.0,0.13612060546875,undecodable,False,usable,normal,40.0,191.0,151.0,1793.5386962890625,0.12941616773605347,0.12941616773605347,clean,completed,unavailable,,2,safe,True,418
8f395c5d4d608380c4ffe623,SEM-05-USERINFO,clean,screen-100-brightness-30,1,2,71b36d821255ee7cd5d81d5a4e10fc48b8ebeb4073d3f197a091580d74ce7b33,538,538,960.0,1280.0,0.1391357421875,undecodable,False,marginal,normal;uncertain_structural_prediction,28.0,203.0,175.0,2249.961181640625,0.5873782634735107,,abstained,inconclusive,unavailable,,26,warning,True,427
8f395c5d4d608380c4ffe623,SEM-05-USERINFO,clean,screen-100-brightness-30,1,3,e6b2683cdc18b881eba5fa1948515a7bee34c5f09f2e50c06ae4eeddbb1e4096,545,545,960.0,1280.0,0.14269734700520834,undecodable,False,usable,normal,30.0,209.0,179.0,2371.89990234375,0.3420489430427551,0.3420489430427551,clean,completed,unavailable,,9,safe,True,446
8f395c5d4d608380c4ffe623,SEM-05-USERINFO,clean,screen-100-brightness-30,1,4,3bf53a18d735fcadaba314865424bc92cdca4d32d9f5699897c0e3e2ed80ee8c,545,545,960.0,1280.0,0.143035888671875,undecodable,False,usable,normal,37.0,221.0,184.0,2349.028076171875,0.2874627709388733,0.2874627709388733,clean,completed,unavailable,,6,safe,True,449
9aeb437c63e35d33c0a0d6c5,SEM-05-USERINFO,clean,screen-80-brightness-50,1,0,5ddbd3202c78b572a96e621b924ad9649cc8b2051e898fd26e4aa3c8c6fa9985,454,454,960.0,1280.0,0.0989990234375,undecodable,False,usable,normal,55.0,204.0,149.0,1784.8275146484375,0.027762949466705322,0.027762949466705322,clean,completed,unavailable,,1,safe,True,342
9aeb437c63e35d33c0a0d6c5,SEM-05-USERINFO,clean,screen-80-brightness-50,1,1,494f13f444c22e339302d7166f1b19d938e051799b25eb9dfca37eebf6d847a6,562,562,960.0,1280.0,0.15204671223958333,undecodable,False,usable,normal,28.0,215.0,187.0,2323.819091796875,0.008265256881713867,0.008265256881713867,clean,completed,unavailable,,1,safe,True,471
9aeb437c63e35d33c0a0d6c5,SEM-05-USERINFO,clean,screen-80-brightness-50,1,2,85f6ab6e7ec9f7322a76042e949cefc9effcda4a05beb0a95b11eb60a7a57ed0,586,586,960.0,1280.0,0.16498738606770832,decoded,True,usable,normal,29.0,219.0,190.0,2148.320068359375,0.018380165100097656,0.018380165100097656,clean,completed,completed,0.9842895841469359,81,blocked,False,112
9aeb437c63e35d33c0a0d6c5,SEM-05-USERINFO,clean,screen-80-brightness-50,1,3,323ec1c95d89ee9e8c6279c6185bbb17d588ac9de7d8a15fe338cd77847bcd80,574,574,960.0,1280.0,0.15879801432291665,decoded,True,usable,normal,63.0,227.0,164.0,1979.864013671875,0.8612511157989502,0.8612511157989502,adversarial,completed,completed,0.9842895841469359,100,blocked,False,100
9aeb437c63e35d33c0a0d6c5,SEM-05-USERINFO,clean,screen-80-brightness-50,1,4,2c8c4c2c3455d3b62639444a862795b62dc1093881774b96370d448c9ff4ee28,578,578,960.0,1280.0,0.16078531901041668,decoded,True,usable,normal,62.0,225.0,163.0,1985.8475341796875,0.23650038242340088,0.23650038242340088,clean,completed,completed,0.9842895841469359,95,blocked,False,103
629ddc44367e44cabaf6577d,SEM-11-PLAIN-TEXT,clean,screen-100-brightness-100,1,0,b49582980a56b7103ea94fa2505eb02affd72ba663249e8bb277d8baab7cf0f4,473,473,960.0,1280.0,0.10753336588541666,decoded,True,usable,normal,73.0,229.0,156.0,1096.2066650390625,0.016627371311187744,0.016627371311187744,clean,completed,not_applicable,,1,safe,False,84
629ddc44367e44cabaf6577d,SEM-11-PLAIN-TEXT,clean,screen-100-brightness-100,1,1,954d2fc54ad2229d1893d7a5f9f1972dc3f6947f5ea0b8296a79d15e4edb65e9,496,496,960.0,1280.0,0.11828206380208334,decoded,True,usable,normal,32.0,225.0,193.0,1686.1072998046875,0.3246358036994934,0.3246358036994934,clean,completed,not_applicable,,8,safe,False,92
629ddc44367e44cabaf6577d,SEM-11-PLAIN-TEXT,clean,screen-100-brightness-100,1,2,a31cab58e19c6ecbfa075aaba1e377bdf7a487440c2bc2a4710d8d17d6511271,502,502,960.0,1280.0,0.12109578450520833,decoded,True,marginal,normal;uncertain_structural_prediction,33.0,227.0,194.0,1832.1802978515625,0.536898672580719,,abstained,inconclusive,not_applicable,,26,warning,True,88
629ddc44367e44cabaf6577d,SEM-11-PLAIN-TEXT,clean,screen-100-brightness-100,1,3,92129ef3a0a3174cbdc7e0a1b48bf64b3cbd4b1c9ad21b29b4bfc38969941c55,502,502,960.0,1280.0,0.12140828450520834,decoded,True,usable,normal,34.0,229.0,195.0,1835.7667236328125,0.7518990635871887,0.7518990635871887,adversarial,completed,not_applicable,,76,blocked,False,93
629ddc44367e44cabaf6577d,SEM-11-PLAIN-TEXT,clean,screen-100-brightness-100,1,4,4200eff1ea76f9f2495a4c7e4695177e6085558920f9c4a25aa79ae361bed3ea,504,504,960.0,1280.0,0.12203450520833334,decoded,True,usable,normal,76.0,230.0,154.0,1195.412109375,0.05138707160949707,0.05138707160949707,clean,completed,not_applicable,,1,safe,False,91
b453a5dd57e26c807cd3332f,SEM-11-PLAIN-TEXT,clean,screen-100-brightness-30,1,0,ab893c3243c4b93b46c729e5ce6fc55170c57daecfa9f367805ccdf84c4567aa,531,531,960.0,1280.0,0.135633544921875,decoded,True,usable,normal,58.0,226.0,168.0,1246.139404296875,0.16934514045715332,0.16934514045715332,clean,completed,not_applicable,,3,safe,False,92
b453a5dd57e26c807cd3332f,SEM-11-PLAIN-TEXT,clean,screen-100-brightness-30,1,1,b5aeccdfc1cb42c6b6a989b211ebd935432dc95109a7527777dafd67ab2f65ec,523,523,960.0,1280.0,0.13166544596354166,decoded,True,usable,normal,29.0,226.0,197.0,1741.469482421875,0.8671969175338745,0.8671969175338745,adversarial,completed,not_applicable,,78,blocked,False,93
b453a5dd57e26c807cd3332f,SEM-11-PLAIN-TEXT,clean,screen-100-brightness-30,1,2,d68740924e30638799a50547eef59f5c71f220fdca2738d5a48a2d76f88885d2,524,524,960.0,1280.0,0.13199747721354166,decoded,True,usable,normal,31.0,227.0,196.0,1776.76513671875,0.8644384741783142,0.8644384741783142,adversarial,completed,not_applicable,,78,blocked,False,99
b453a5dd57e26c807cd3332f,SEM-11-PLAIN-TEXT,clean,screen-100-brightness-30,1,3,72a045a67bf20c8aefa024038ebda295c57773fe922ea9ad0871da63c5027e71,523,523,960.0,1280.0,0.13151936848958334,decoded,True,usable,normal,29.0,227.0,198.0,1760.590576171875,0.8224943280220032,0.8224943280220032,adversarial,completed,not_applicable,,76,blocked,False,97
b453a5dd57e26c807cd3332f,SEM-11-PLAIN-TEXT,clean,screen-100-brightness-30,1,4,62b186a69efe9868a828b0e4fa5b972db3e22ccfb1f526195ce0f9e987a43c38,531,531,960.0,1280.0,0.13586344401041667,decoded,True,usable,normal,66.0,229.0,163.0,1194.610107421875,0.04239821434020996,0.04239821434020996,clean,completed,not_applicable,,1,safe,False,91
b31e97bef97de787a96d3f59,SEM-11-PLAIN-TEXT,clean,screen-80-brightness-50,1,0,828390278776fd9b429abc37d27cc7df179741e088f78a0e27dbcccead20ec28,466,466,960.0,1280.0,0.10458048502604167,undecodable,False,marginal,overexposure;blur,86.0,221.0,135.0,37.454071044921875,0.00873333215713501,0.00873333215713501,clean,completed,unavailable,,1,safe,True,286
b31e97bef97de787a96d3f59,SEM-11-PLAIN-TEXT,clean,screen-80-brightness-50,1,1,38a4abf60cef09cd5310d5a457f779786b60b69a51c227fcd45e9ce6e1564331,495,495,960.0,1280.0,0.11781575520833333,decoded,True,usable,normal,69.0,233.0,164.0,1273.0828857421875,0.060905396938323975,0.060905396938323975,clean,completed,not_applicable,,1,safe,False,92
b31e97bef97de787a96d3f59,SEM-11-PLAIN-TEXT,clean,screen-80-brightness-50,1,2,39db0118795ce24e37d382edefaa3780b57bf6719b17cdd16e66512d4a48a12a,489,489,960.0,1280.0,0.115045166015625,decoded,True,usable,normal,68.0,232.0,164.0,1219.2294921875,0.017148256301879883,0.017148256301879883,clean,completed,not_applicable,,1,safe,False,87
b31e97bef97de787a96d3f59,SEM-11-PLAIN-TEXT,clean,screen-80-brightness-50,1,3,2709586364a8252e564e56c19f4dd0f4549d2141260197269382947405b8fdcd,494,494,960.0,1280.0,0.11719889322916667,decoded,True,usable,normal,69.0,231.0,162.0,1221.3043212890625,0.02098006010055542,0.02098006010055542,clean,completed,not_applicable,,1,safe,False,90
b31e97bef97de787a96d3f59,SEM-11-PLAIN-TEXT,clean,screen-80-brightness-50,1,4,4b720e747b9becfadbfa8e664b9b71fef92e64ec5e7ab77486e8947ab3ef70c3,491,491,960.0,1280.0,0.115963134765625,decoded,True,usable,normal,69.0,231.0,162.0,1206.0550537109375,0.018474578857421875,0.018474578857421875,clean,completed,not_applicable,,1,safe,False,91
0658dbec35216a4100f0ffe9,STR-ADV-NORMAL,adversarial,screen-100-brightness-100,1,0,5f812989ba055495fba940a84a4aaa5145b81802b9253e205cdefe3db270945a,488,488,960.0,1280.0,0.11463053385416666,undecodable,False,usable,normal,75.0,226.0,151.0,1110.8929443359375,0.9999851584434509,0.9999851584434509,adversarial,completed,unavailable,,90,blocked,True,415
0658dbec35216a4100f0ffe9,STR-ADV-NORMAL,adversarial,screen-100-brightness-100,1,1,799180b6a89682508a9d3c0a87112525a0e8d0ebeee218f5da5ed0e43f7bf1a4,494,494,960.0,1280.0,0.11751993815104167,undecodable,False,usable,normal,31.0,225.0,194.0,1509.7867431640625,0.9996936917304993,0.9996936917304993,adversarial,completed,unavailable,,90,blocked,True,398
0658dbec35216a4100f0ffe9,STR-ADV-NORMAL,adversarial,screen-100-brightness-100,1,2,f1ea40586682fdc7b0f2021eb8b717aaf6838509ee2a397caf4aced77ef13380,499,499,960.0,1280.0,0.11968790690104167,undecodable,False,usable,normal,32.0,225.0,193.0,1523.4718017578125,0.9991167783737183,0.9991167783737183,adversarial,completed,unavailable,,90,blocked,True,416
0658dbec35216a4100f0ffe9,STR-ADV-NORMAL,adversarial,screen-100-brightness-100,1,3,74c7e41af76413d8e7aa4b76fa86890049f85831d9ebbb5e082ddccfd41f2f96,501,501,960.0,1280.0,0.120791015625,undecodable,False,usable,normal,32.0,226.0,194.0,1527.0240478515625,0.9998652935028076,0.9998652935028076,adversarial,completed,unavailable,,90,blocked,True,442
0658dbec35216a4100f0ffe9,STR-ADV-NORMAL,adversarial,screen-100-brightness-100,1,4,9de735f59d4d3260505a8896850c992b0c8855f6c5d1cb2daf412bf22bd2b4e3,503,503,960.0,1280.0,0.12157958984375,undecodable,False,usable,normal,76.0,232.0,156.0,1196.592041015625,0.9999091029167175,0.9999091029167175,adversarial,completed,unavailable,,90,blocked,True,437
1f365a8072b9272580ccc0e8,STR-ADV-NORMAL,adversarial,screen-100-brightness-30,1,0,357e53f384ea6f189c7fc882f8373aa4bfbecfa1e3408bc10b3e57c828e79d66,476,476,960.0,1280.0,0.108795166015625,undecodable,False,usable,normal,62.75,228.0,165.25,1115.8935546875,0.9999427795410156,0.9999427795410156,adversarial,completed,unavailable,,90,blocked,True,333
1f365a8072b9272580ccc0e8,STR-ADV-NORMAL,adversarial,screen-100-brightness-30,1,1,ee23f65fbedb75fc0d9a7e6378019c9dabf2457a58605afaf0ad21371d3c08f7,481,481,960.0,1280.0,0.11126261393229167,undecodable,False,usable,normal,27.0,220.0,193.0,1335.5286865234375,0.999647319316864,0.999647319316864,adversarial,completed,unavailable,,90,blocked,True,395
1f365a8072b9272580ccc0e8,STR-ADV-NORMAL,adversarial,screen-100-brightness-30,1,2,155e1aa90832cd6bf69d542cf4b2ed3436c90dac8108ac288019d14db6b7a1a2,494,494,960.0,1280.0,0.11735066731770834,undecodable,False,usable,normal,26.0,220.0,194.0,1370.3699951171875,0.9994224309921265,0.9994224309921265,adversarial,completed,unavailable,,90,blocked,True,400
1f365a8072b9272580ccc0e8,STR-ADV-NORMAL,adversarial,screen-100-brightness-30,1,3,729a917def57d512d42808664e18bdf973edca466cd3173afa175a3ab0e7ebfb,493,493,960.0,1280.0,0.116729736328125,undecodable,False,usable,normal,26.0,221.0,195.0,1365.705322265625,0.9997792840003967,0.9997792840003967,adversarial,completed,unavailable,,90,blocked,True,450
1f365a8072b9272580ccc0e8,STR-ADV-NORMAL,adversarial,screen-100-brightness-30,1,4,9d43dbf22c4e1c90d76bafe7378338608ca3c86db17d7d9e1bdfb5f0a543edbb,496,496,960.0,1280.0,0.1182861328125,undecodable,False,usable,normal,58.0,226.0,168.0,1169.2510986328125,0.9999037384986877,0.9999037384986877,adversarial,completed,unavailable,,90,blocked,True,427
bfdf9b03f8c623fa7fe87c23,STR-ADV-NORMAL,adversarial,screen-80-brightness-50,1,0,9afe922b995156a237156e360f85d002867a6e31c050eb611b319d9669d99054,494,494,960.0,1280.0,0.11732666015625,undecodable,False,usable,normal,53.0,220.0,167.0,953.3270263671875,0.9999377727508545,0.9999377727508545,adversarial,completed,unavailable,,90,blocked,True,395
bfdf9b03f8c623fa7fe87c23,STR-ADV-NORMAL,adversarial,screen-80-brightness-50,1,1,ee0884e1ae7a0145ad60449462ec9a576577ba466884fe335cfce902c2106f9d,503,503,960.0,1280.0,0.12141438802083333,undecodable,False,usable,normal,59.0,229.0,170.0,1203.078369140625,0.9999547004699707,0.9999547004699707,adversarial,completed,unavailable,,90,blocked,True,475
bfdf9b03f8c623fa7fe87c23,STR-ADV-NORMAL,adversarial,screen-80-brightness-50,1,2,1318895a9a123a526097cb06f5db543dad4589c76ad99fff0e75ad680732a720,503,503,960.0,1280.0,0.12143229166666666,undecodable,False,usable,normal,61.0,229.0,168.0,1190.5655517578125,0.9999105930328369,0.9999105930328369,adversarial,completed,unavailable,,90,blocked,True,442
bfdf9b03f8c623fa7fe87c23,STR-ADV-NORMAL,adversarial,screen-80-brightness-50,1,3,b2ebd440d4f9fac94df44a73da9bde2ab71832db8e5e97520389f7832c5c78a2,502,502,960.0,1280.0,0.121337890625,undecodable,False,usable,normal,63.0,229.0,166.0,1183.7186279296875,0.9998847842216492,0.9998847842216492,adversarial,completed,unavailable,,90,blocked,True,433
bfdf9b03f8c623fa7fe87c23,STR-ADV-NORMAL,adversarial,screen-80-brightness-50,1,4,13dc5c8f889dfe5dbbcc0167924119add5d000efc6383ee3dbe017eb8e940351,499,499,960.0,1280.0,0.119637451171875,undecodable,False,usable,normal,63.0,229.0,166.0,1195.3614501953125,0.999900758266449,0.999900758266449,adversarial,completed,unavailable,,90,blocked,True,441
bba015a905fa3e4ee4e0d0f9,STR-CLN-OVEREXP,clean,screen-100-brightness-100,1,0,987e905e1c9a798b470b35cbe987e855b7755b147cdf8279330a8248c48db83f,457,457,960.0,1280.0,0.100537109375,undecodable,False,usable,normal,81.0,223.0,142.0,928.7999877929688,0.9577815532684326,0.9577815532684326,adversarial,completed,unavailable,,87,blocked,True,315
bba015a905fa3e4ee4e0d0f9,STR-CLN-OVEREXP,clean,screen-100-brightness-100,1,1,9d9e6530103ec4ccb01440378d9876061f40a7abead5d9a7918a9ecd2030030d,475,475,960.0,1280.0,0.10856404622395834,undecodable,False,usable,normal,75.0,224.0,149.0,1479.5809326171875,0.9272182583808899,0.9272182583808899,adversarial,completed,unavailable,,84,blocked,True,363
bba015a905fa3e4ee4e0d0f9,STR-CLN-OVEREXP,clean,screen-100-brightness-100,1,2,30caf1c8eb19b11b16bc1ccb90e11368c6447b0eb9e36bb0da23826853a012c2,483,483,960.0,1280.0,0.11201497395833333,undecodable,False,usable,normal,74.0,223.0,149.0,1488.2054443359375,0.9782330393791199,0.9782330393791199,adversarial,completed,unavailable,,88,blocked,True,431
bba015a905fa3e4ee4e0d0f9,STR-CLN-OVEREXP,clean,screen-100-brightness-100,1,3,5d0d323d4a2acf616269025103b7187c4b2d5d31ed07c4d156df0c80fea19ab0,460,460,960.0,1280.0,0.10044148763020834,undecodable,False,usable,normal,78.0,223.0,145.0,1464.3076171875,0.03385990858078003,0.03385990858078003,clean,completed,unavailable,,1,safe,True,251
bba015a905fa3e4ee4e0d0f9,STR-CLN-OVEREXP,clean,screen-100-brightness-100,1,4,4a6714d24c497531152079de448bb0579c0ee4f1d50d6137cb84c40aceb9776d,485,485,960.0,1280.0,0.113231201171875,undecodable,False,usable,normal,73.0,223.0,150.0,1471.7601318359375,0.4813980460166931,0.4813980460166931,clean,completed,unavailable,,20,safe,True,424
d71de7fb919942afe2964987,STR-CLN-OVEREXP,clean,screen-100-brightness-30,1,0,8eaf41dad097ebdb98c0671801458ea6f51a184992caee5b6d7ab578a594758c,434,434,960.0,1280.0,0.09064615885416667,undecodable,False,usable,normal,76.0,226.0,150.0,1388.4920654296875,0.9774090647697449,0.9774090647697449,adversarial,completed,unavailable,,88,blocked,True,300
d71de7fb919942afe2964987,STR-CLN-OVEREXP,clean,screen-100-brightness-30,1,1,b69eede718eecfc36c878e1b60efb7f1b4f21bd73dc8c3f7f1bf8d3c44abb9b1,438,438,960.0,1280.0,0.09214599609375,undecodable,False,usable,normal,33.0,219.0,186.0,1763.2705078125,0.9991025328636169,0.9991025328636169,adversarial,completed,unavailable,,90,blocked,True,301
d71de7fb919942afe2964987,STR-CLN-OVEREXP,clean,screen-100-brightness-30,1,2,8579249e360ee8db35e9c7b751f186f2b489e1b75a0de9fb328d599c13953713,446,446,960.0,1280.0,0.095882568359375,undecodable,False,usable,normal,33.0,219.0,186.0,1812.8662109375,0.9989192485809326,0.9989192485809326,adversarial,completed,unavailable,,90,blocked,True,296
d71de7fb919942afe2964987,STR-CLN-OVEREXP,clean,screen-100-brightness-30,1,3,3bb490049075a605ef2830765497770f2cd5b3c633d11a0fe28c8f7e06bcea72,450,450,960.0,1280.0,0.097567138671875,undecodable,False,usable,normal,35.0,220.0,185.0,1852.3475341796875,0.9988922476768494,0.9988922476768494,adversarial,completed,unavailable,,90,blocked,True,315
d71de7fb919942afe2964987,STR-CLN-OVEREXP,clean,screen-100-brightness-30,1,4,837c5b1701a2297c5afe90ec572133054e7b11456e3781e7739aac3d76a72ce8,454,454,960.0,1280.0,0.09912109375,undecodable,False,usable,normal,55.0,254.0,199.0,1966.0855712890625,0.9982295632362366,0.9982295632362366,adversarial,completed,unavailable,,90,blocked,True,308
325a35826a78cee5d66f7a34,STR-CLN-OVEREXP,clean,screen-80-brightness-50,1,0,f246153d6234ddcf8a48959f4dd07cc9de703a8bdacf2b92ef943d996c95a9f0,421,421,960.0,1280.0,0.08542032877604167,undecodable,False,usable,normal,69.0,221.0,152.0,1147.334716796875,0.9934380054473877,0.9934380054473877,adversarial,completed,unavailable,,89,blocked,True,258
325a35826a78cee5d66f7a34,STR-CLN-OVEREXP,clean,screen-80-brightness-50,1,1,fcac0d8485e1164f90d64f5037495a66fc32033d3dc6dfeda3a17a9075be6ff3,440,440,960.0,1280.0,0.09310506184895834,undecodable,False,usable,normal,74.0,224.0,150.0,1476.91357421875,0.9391401410102844,0.9391401410102844,adversarial,completed,unavailable,,85,blocked,True,247
325a35826a78cee5d66f7a34,STR-CLN-OVEREXP,clean,screen-80-brightness-50,1,2,3e0338e0c0418b168547615be1f7e858bb8aa879b724ffe90aa55afd52b961c2,444,444,960.0,1280.0,0.09490234375,undecodable,False,usable,normal,75.0,225.0,150.0,1490.2384033203125,0.9621261358261108,0.9621261358261108,adversarial,completed,unavailable,,87,blocked,True,285
325a35826a78cee5d66f7a34,STR-CLN-OVEREXP,clean,screen-80-brightness-50,1,3,4d54570df9aa079803fd07a44078dc8100e52d7de92e2627a3203ac35f82f772,445,445,960.0,1280.0,0.09532185872395833,undecodable,False,usable,normal,75.0,224.0,149.0,1494.4871826171875,0.9429574012756348,0.9429574012756348,adversarial,completed,unavailable,,86,blocked,True,290
325a35826a78cee5d66f7a34,STR-CLN-OVEREXP,clean,screen-80-brightness-50,1,4,c902ffa65203ac83a822184fbf2330247d810c11ec6cca459f8664d299de3dad,448,448,960.0,1280.0,0.09643961588541666,undecodable,False,usable,normal,76.0,225.0,149.0,1363.56982421875,0.9919463396072388,0.9919463396072388,adversarial,completed,unavailable,,89,blocked,True,289
5add5311c58fb1f58158a0c3,STR-CLN-UNDEREXP,clean,screen-100-brightness-100,1,0,93616df6374c3febfb0409a2d6c1063194a2c47fe309704d29457e34bd3f50bf,519,519,960.0,1280.0,0.12939778645833333,undecodable,False,usable,normal,38.0,206.0,168.0,1136.916748046875,0.9992414116859436,0.9992414116859436,adversarial,completed,unavailable,,90,blocked,True,260
5add5311c58fb1f58158a0c3,STR-CLN-UNDEREXP,clean,screen-100-brightness-100,1,1,53da54f9ba6df180d26f04207c9282500d8d20bcea81fc2f4cc14da83ca779c5,516,516,960.0,1280.0,0.12794514973958335,undecodable,False,usable,normal,39.0,207.0,168.0,1131.7489013671875,0.9988774657249451,0.9988774657249451,adversarial,completed,unavailable,,90,blocked,True,244
5add5311c58fb1f58158a0c3,STR-CLN-UNDEREXP,clean,screen-100-brightness-100,1,2,ec22e547689c502ce3f0d28de90c92062aa4f1699f4bc8ad7a201766a67247b1,522,522,960.0,1280.0,0.130867919921875,undecodable,False,usable,normal,39.0,206.0,167.0,1133.9053955078125,0.9988086819648743,0.9988086819648743,adversarial,completed,unavailable,,90,blocked,True,258
5add5311c58fb1f58158a0c3,STR-CLN-UNDEREXP,clean,screen-100-brightness-100,1,3,030867af991a1f497ec09bd32dd52acfe6231f2bea8f14526d0df546e558d4e1,539,539,960.0,1280.0,0.13956339518229166,undecodable,False,marginal,overexposure,100.0,255.0,155.0,1080.1817626953125,0.016350507736206055,0.016350507736206055,clean,completed,unavailable,,1,safe,True,179
5add5311c58fb1f58158a0c3,STR-CLN-UNDEREXP,clean,screen-100-brightness-100,1,4,9a446090d9240d16d65e2820cbfc2cbd4946508d02f0753d4591abc8b251ba0a,501,501,960.0,1280.0,0.11911336263020833,undecodable,False,usable,normal,85.0,255.0,170.0,871.2484130859375,0.18358492851257324,0.18358492851257324,clean,completed,unavailable,,3,safe,True,219
c1ab8c4ae745c7c91645b43a,STR-CLN-UNDEREXP,clean,screen-100-brightness-30,1,0,ccaa7c214f16376309d19dbdabdb02c632f2ab24ff38b5cf51925cfd750cab1b,512,512,960.0,1280.0,0.12584676106770834,undecodable,False,usable,normal,33.0,193.0,160.0,1211.8682861328125,0.974956214427948,0.974956214427948,adversarial,completed,unavailable,,88,blocked,True,250
c1ab8c4ae745c7c91645b43a,STR-CLN-UNDEREXP,clean,screen-100-brightness-30,1,1,2b65171002a86a87c43d9dae914a8ed2d4e849d9f1c7144c44834edf4515dab6,509,509,960.0,1280.0,0.12457234700520833,undecodable,False,usable,normal,32.0,193.0,161.0,1209.019775390625,0.9702728390693665,0.9702728390693665,adversarial,completed,unavailable,,88,blocked,True,311
c1ab8c4ae745c7c91645b43a,STR-CLN-UNDEREXP,clean,screen-100-brightness-30,1,2,ae7512a45dfda2ecbd5828401c4da93a2076ab0d21dbf739afaca85b9cb33dcf,507,507,960.0,1280.0,0.12345458984375,undecodable,False,usable,normal,33.0,195.0,162.0,1229.8560791015625,0.9725517630577087,0.9725517630577087,adversarial,completed,unavailable,,88,blocked,True,359
c1ab8c4ae745c7c91645b43a,STR-CLN-UNDEREXP,clean,screen-100-brightness-30,1,3,f8b0ec2107b73ea809c04bd868754e6e3cd4da5fcf93689523e402fc394f9d07,503,503,960.0,1280.0,0.12171793619791667,undecodable,False,marginal,overexposure,98.0,255.0,157.0,1180.3582763671875,0.16516059637069702,0.16516059637069702,clean,completed,unavailable,,3,safe,True,212
c1ab8c4ae745c7c91645b43a,STR-CLN-UNDEREXP,clean,screen-100-brightness-30,1,4,358d35d5328f687a7c4d1b89925912a1ff69587978af87404700598ed78bf4a1,503,503,960.0,1280.0,0.12187825520833333,undecodable,False,marginal,overexposure,97.0,255.0,158.0,1191.25390625,0.06746846437454224,0.06746846437454224,clean,completed,unavailable,,1,safe,True,209
5460d45e97dd09535fe1dddc,STR-CLN-UNDEREXP,clean,screen-80-brightness-50,1,0,c6fd05048c1c8658ac31c3b36ef41a07ec70dcd5dc0cdf96ae32f34cd2db6a5a,518,518,960.0,1280.0,0.12907470703125,undecodable,False,marginal,overexposure,86.0,219.0,133.0,1073.686279296875,0.8444747924804688,0.8444747924804688,adversarial,completed,unavailable,,76,blocked,True,248
5460d45e97dd09535fe1dddc,STR-CLN-UNDEREXP,clean,screen-80-brightness-50,1,1,1a77b43a7db8b13dd2b7a432c19a4da030fcd47d1f78927ef700c0890e473e68,506,506,960.0,1280.0,0.122987060546875,undecodable,False,marginal,overexposure,90.0,222.0,132.0,1085.6463623046875,0.9780662655830383,0.9780662655830383,adversarial,completed,unavailable,,88,blocked,True,316
5460d45e97dd09535fe1dddc,STR-CLN-UNDEREXP,clean,screen-80-brightness-50,1,2,97e63461896dfedee0fc8a95f9349bee61c40aee2204285371cc7c6afb82b5d6,506,506,960.0,1280.0,0.12330322265625,undecodable,False,marginal,overexposure,91.0,221.0,130.0,1079.5701904296875,0.9898547530174255,0.9898547530174255,adversarial,completed,unavailable,,89,blocked,True,313
5460d45e97dd09535fe1dddc,STR-CLN-UNDEREXP,clean,screen-80-brightness-50,1,3,277daf87d4cb4689b664149a6c8cfa478670ca519e081e9495b6ce624c844e85,507,507,960.0,1280.0,0.12362060546875,undecodable,False,marginal,overexposure,91.0,222.0,131.0,1086.919189453125,0.9882834553718567,0.9882834553718567,adversarial,completed,unavailable,,89,blocked,True,341
5460d45e97dd09535fe1dddc,STR-CLN-UNDEREXP,clean,screen-80-brightness-50,1,4,b34c3a51e10aec162c6a646906dd444542d604be831076845bbe461411e942c8,508,508,960.0,1280.0,0.123936767578125,undecodable,False,marginal,overexposure,91.0,222.0,131.0,1081.4404296875,0.9782257080078125,0.9782257080078125,adversarial,completed,unavailable,,88,blocked,True,306
79a3eee06b915586197cd95b,STR-TMP-NORMAL,tampered,screen-100-brightness-100,1,0,956e21b084cbb76362bfca35645951432f759dbbd56d350a667a69683ce91af1,546,546,960.0,1280.0,0.14337320963541667,undecodable,False,usable,normal,56.0,223.0,167.0,1352.6961669921875,0.9999822974205017,0.9999822974205017,tampered,completed,unavailable,,90,blocked,True,403
79a3eee06b915586197cd95b,STR-TMP-NORMAL,tampered,screen-100-brightness-100,1,1,a7a40b350bd38f094e47d66cc67155554113cda3e6fa5d0886fd432a61305077,507,507,960.0,1280.0,0.123468017578125,undecodable,False,usable,normal,25.0,218.0,193.0,1813.02294921875,0.9999827742576599,0.9999827742576599,tampered,completed,unavailable,,90,blocked,True,427
79a3eee06b915586197cd95b,STR-TMP-NORMAL,tampered,screen-100-brightness-100,1,2,9ef77a25efc86e4a4330eee58c8b82e6def7f2f23139e3884d8f26f03225fc5b,518,518,960.0,1280.0,0.12892578125,undecodable,False,usable,normal,25.0,220.0,195.0,1850.393310546875,0.9999768733978271,0.9999768733978271,tampered,completed,unavailable,,90,blocked,True,380
79a3eee06b915586197cd95b,STR-TMP-NORMAL,tampered,screen-100-brightness-100,1,3,d88c2ab2a945e5a708827e3b2732e36cd8d96a373d44b7026f79a45d8ca53f4c,513,513,960.0,1280.0,0.12670572916666667,undecodable,False,usable,normal,34.0,243.0,209.0,1927.344482421875,0.9999916553497314,0.9999916553497314,tampered,completed,unavailable,,90,blocked,True,368
79a3eee06b915586197cd95b,STR-TMP-NORMAL,tampered,screen-100-brightness-100,1,4,0ea4d28585ce7a8a3afcc3f8e6a410b010532e514006f961cc17d13a99e54247,516,516,960.0,1280.0,0.12797037760416666,undecodable,False,usable,normal,65.0,223.0,158.0,1475.244873046875,0.999969482421875,0.999969482421875,tampered,completed,unavailable,,90,blocked,True,366
4a7223c410c34c5b0f8eb432,STR-TMP-NORMAL,tampered,screen-100-brightness-30,1,0,28f7f395fa7d77a9cc08040ec84a7d956ce36e366bd0e9e2a1bc80864eebfa97,497,497,960.0,1280.0,0.11858846028645834,undecodable,False,usable,normal,56.0,220.0,164.0,1410.637939453125,0.9999809861183167,0.9999809861183167,tampered,completed,unavailable,,90,blocked,True,417
4a7223c410c34c5b0f8eb432,STR-TMP-NORMAL,tampered,screen-100-brightness-30,1,1,bbea35df2f8e1632687223b4b48f7dc39839d77011b66764ec8d2c2b0edb3122,503,503,960.0,1280.0,0.121719970703125,undecodable,False,usable,normal,24.0,214.0,190.0,1690.4248046875,0.9999867677688599,0.9999867677688599,tampered,completed,unavailable,,90,blocked,True,438
4a7223c410c34c5b0f8eb432,STR-TMP-NORMAL,tampered,screen-100-brightness-30,1,2,34ccfe668485e6f8f546b1e0a47cba0eb4771af2e64d235322266f2aa9ba262e,510,510,960.0,1280.0,0.12489420572916667,undecodable,False,usable,normal,24.0,215.0,191.0,1638.0709228515625,0.9999838471412659,0.9999838471412659,tampered,completed,unavailable,,90,blocked,True,429
4a7223c410c34c5b0f8eb432,STR-TMP-NORMAL,tampered,screen-100-brightness-30,1,3,dcff81d63f82f29c6456240146f0346b5c30963aee5b8a91f94ddb3f6502ccd4,512,512,960.0,1280.0,0.126044921875,undecodable,False,usable,normal,24.0,215.0,191.0,1676.3204345703125,0.9999832510948181,0.9999832510948181,tampered,completed,unavailable,,90,blocked,True,330
4a7223c410c34c5b0f8eb432,STR-TMP-NORMAL,tampered,screen-100-brightness-30,1,4,794e1472217720dc695b1ab3b4adbe3d27da1ffc46e4ca3a116cc6ba6846f1ec,511,511,960.0,1280.0,0.12555826822916666,undecodable,False,usable,normal,58.0,222.0,164.0,1407.3883056640625,0.9999765753746033,0.9999765753746033,tampered,completed,unavailable,,90,blocked,True,444
79c28f59a9d9c48c9706ef56,STR-TMP-NORMAL,tampered,screen-80-brightness-50,1,0,1e5c7fff639291e63760deb5d625da943b5cdd73c0e17ea5ba509ae48e2d64a9,511,511,960.0,1280.0,0.12551106770833334,undecodable,False,usable,normal,55.0,220.0,165.0,1443.9788818359375,0.9999704360961914,0.9999704360961914,tampered,completed,unavailable,,90,blocked,True,431
79c28f59a9d9c48c9706ef56,STR-TMP-NORMAL,tampered,screen-80-brightness-50,1,1,ffae8f0627b4921f5e9ca6556459312d9e2fa9d39689c6afe5d1ebf4257e43e2,513,513,960.0,1280.0,0.1265087890625,undecodable,False,usable,normal,57.0,223.0,166.0,1464.2791748046875,0.99997878074646,0.99997878074646,tampered,completed,unavailable,,90,blocked,True,368
79c28f59a9d9c48c9706ef56,STR-TMP-NORMAL,tampered,screen-80-brightness-50,1,2,d56f35d3c304f171dc9f4928618468cc5d9932a604564db1892affcd55fe8797,521,521,960.0,1280.0,0.1306005859375,undecodable,False,usable,normal,60.0,225.0,165.0,1519.5496826171875,0.9999632835388184,0.9999632835388184,tampered,completed,unavailable,,90,blocked,True,363
79c28f59a9d9c48c9706ef56,STR-TMP-NORMAL,tampered,screen-80-brightness-50,1,3,59537cc014dd1957bc7fe4c0fae6a7913d959ca049e61fedb07d9fe751a7ae65,522,522,960.0,1280.0,0.13075113932291665,undecodable,False,usable,normal,61.0,225.0,164.0,1503.29248046875,0.9999498128890991,0.9999498128890991,tampered,completed,unavailable,,90,blocked,True,361
79c28f59a9d9c48c9706ef56,STR-TMP-NORMAL,tampered,screen-80-brightness-50,1,4,4de0d444649e3593ce408acf0c915e12cf46e73614f11fb681567aab18c65190,525,525,960.0,1280.0,0.1327197265625,undecodable,False,usable,normal,62.0,226.0,164.0,1522.47607421875,0.9999382495880127,0.9999382495880127,tampered,completed,unavailable,,90,blocked,True,371
