sample_path,sha256,label,image_source,paired_group,quality_condition,quality_severity,structural_status,structural_type,p_structural,verdict,risk_score
adversarial/scan_20260830_120633_217412_6a5fb614/crop_00.png,3df1347aa88433bbbf7805fb63eccc81a67ef4caa4d8b28884f5aa842a736c80,adversarial,camera,de081b33c76ba5e8a4e859bd8cfac7a82684871250ba25b8bd574c5cc33479c3,normal,none,completed,adversarial,0.9999059438705444,blocked,81
adversarial/scan_20260830_120724_650707_a2425348/crop_00.png,0c57daaf782f38ac8d820978f0955370f3cde2a6d82a0d139750f0934ebe31a1,adversarial,camera,2ba01a630ad821d7d78000e844f30431b1f6d8420f500a2a733a6ee2fc898bf9,underexposure,mild,completed,adversarial,0.9891186952590942,blocked,80
adversarial/scan_20260830_120734_936459_3fa5a002/crop_00.png,c04eb9ff69508ec980a26d4eb3031bcd983354a51c6f63fde7861d6ce56fc79c,adversarial,camera,de15abf24cc4c3b81ce243cf81805ec4e03e87d166bff5b050df48659623201e,underexposure,severe,completed,adversarial,0.8623855113983154,blocked,76
adversarial/scan_20260830_120807_806009_97323a0f/crop_00.png,7fa3d700deeca9bf596c461afae14e65c1383c4b6e5a47703f929e431c9bfda7,adversarial,camera,deadbfc9fc3e4b77142344783434aa06ee79920aba53c4aee6ab89fa2e6df6fe,motion_blur,moderate,completed,adversarial,0.9994745254516602,blocked,81
adversarial/scan_20260830_120833_920193_96704d17/crop_00.png,ad7c23a6a0ad018f76679bb5c9585bdacb2c22d84de31a42e41813cfbf82900d,adversarial,camera,6f55c05bd4ee246674b5e78234841347d5dee6b4ada448d30a509084356531cc,far_distance,mild,completed,adversarial,0.9982115030288696,blocked,81
adversarial/scan_20260830_120840_138578_01d8ae98/crop_00.png,fe0f455324cfd1ceb7cf52c9a6ca8bb7a2d5e2a693c9b797c63b808045a56ac7,adversarial,camera,6e9d1aed5f18db2b480ae9ea99d949880a9933eb4d54f03f57de6a70e2649254,far_distance,moderate,completed,adversarial,0.9938033819198608,blocked,81
adversarial/scan_20260830_120843_056393_ba46c7a4/crop_00.png,039250a891a82e892fd1362956b159b857f2c74da7f0d5f6b27803fc298ba745,adversarial,camera,1d78e9a18888c70beb127b957142b12d386f0ee66cd917c2060e55202f72aeba,far_distance,severe,completed,adversarial,0.989090085029602,blocked,80
adversarial/scan_20260830_121224_851933_3307d7b1/crop_00.png,2eff485a18b90a347942ae74c0df25b1fb8f54649347554b1c1a2f03c6c94bb7,adversarial,camera,ff2211de0b44ba9e0bfa32d6ea9c955f18e0fabcab89fda64c49d5bea3f7b065,shadow,mild,completed,adversarial,0.999854564666748,blocked,81
adversarial/scan_20260830_121232_748784_d4ec51b5/crop_00.png,e7e2d0377eb7c729a741e03a5e08d1f06c9f0b27ea7dab4fb132710a8ceaaaaf,adversarial,camera,1ab0f7e75e342037bc7e464f910ac2f6dd5e87ffc5d57665a470dcadb3137c9c,shadow,moderate,completed,adversarial,0.9987020492553711,blocked,81
adversarial/scan_20260830_121238_655536_7fe0d1ab/crop_00.png,e9be7edf15dc0db5cda68a81d9e5106d531c70268823dd8f1fbe299d3c6a4ae2,adversarial,camera,1066f10aa31de3ed7b0d2ee6beaf38fcfcd291bc3fbf1a486947a06151d02f29,screen_moire_or_compression,mild,completed,adversarial,0.9997232556343079,blocked,81
adversarial/scan_20260830_122557_375626_53ecf184/crop_00.png,bb6d5a8644cd466dbbb24e5da9dd903f1a67a6d95f5c535a6d8bfbfdcb15308d,adversarial,gallery,de081b33c76ba5e8a4e859bd8cfac7a82684871250ba25b8bd574c5cc33479c3,normal,none,completed,adversarial,0.9997929930686951,blocked,81
adversarial/scan_20260830_122616_101628_aabf24da/crop_00.png,bdca4fd82c1b93763e6cb1f243d5fe474c9f0c46e3e1efd533b3bf3e0083431d,adversarial,gallery,2ba01a630ad821d7d78000e844f30431b1f6d8420f500a2a733a6ee2fc898bf9,underexposure,mild,completed,adversarial,0.9993473291397095,blocked,81
adversarial/scan_20260830_122633_882214_7ce53a65/crop_00.png,11ab33b31ecd8d206019494f1d4629cfb7b59b30858082dfce1fbd38759b2cb9,adversarial,gallery,de15abf24cc4c3b81ce243cf81805ec4e03e87d166bff5b050df48659623201e,underexposure,severe,completed,adversarial,0.999869167804718,blocked,81
adversarial/scan_20260830_122647_030583_0d291013/crop_00.png,ba6723973bab625bd6314f56e272bc7676957b145f8debeebd74583908d4e53a,adversarial,gallery,deadbfc9fc3e4b77142344783434aa06ee79920aba53c4aee6ab89fa2e6df6fe,motion_blur,moderate,completed,adversarial,0.9999569058418274,blocked,81
adversarial/scan_20260830_122701_424039_79c284af/crop_00.png,04a44d619378ddfc23b0a5cc0b805a63165fa27e18b5d92dc3668feee4c693b8,adversarial,gallery,6f55c05bd4ee246674b5e78234841347d5dee6b4ada448d30a509084356531cc,far_distance,mild,completed,adversarial,0.9998536705970764,blocked,81
adversarial/scan_20260830_122719_432202_e6b17630/crop_00.png,5fd4a8e098d318dd86b4bef5d9555643ffcfa9ee126082e9520952c26ea5d9a2,adversarial,gallery,6e9d1aed5f18db2b480ae9ea99d949880a9933eb4d54f03f57de6a70e2649254,far_distance,moderate,completed,adversarial,0.999387264251709,blocked,81
adversarial/scan_20260830_122729_239708_1d918ecf/crop_00.png,93ea3b658386c53c90e488cca69c24d86979e0432c6085e1ba4481c05bdbdd94,adversarial,gallery,1d78e9a18888c70beb127b957142b12d386f0ee66cd917c2060e55202f72aeba,far_distance,severe,completed,adversarial,0.9994080066680908,blocked,81
adversarial/scan_20260830_122746_144742_568207b1/crop_00.png,ef9f0d41cb3aec24ee0279e69e32fe5ca4b62cebb9b0caa49b1f6af9590cd61d,adversarial,gallery,ff2211de0b44ba9e0bfa32d6ea9c955f18e0fabcab89fda64c49d5bea3f7b065,shadow,mild,completed,adversarial,0.9998742341995239,blocked,81
adversarial/scan_20260830_122818_325326_39bb63e9/crop_00.png,6d3421cd11f51c9c2df2afa25e955ae733881b386a7e63c45d51ee9269e5d83c,adversarial,gallery,1066f10aa31de3ed7b0d2ee6beaf38fcfcd291bc3fbf1a486947a06151d02f29,screen_moire_or_compression,mild,completed,adversarial,0.9998148679733276,blocked,81
adversarial/scan_20260830_123645_321296_a0090648/crop_00.png,7787c1b25cf4ab0bcd314b3b1b390713acc29d8cfc8ad70a075205bbba2e594b,adversarial,gallery,1ab0f7e75e342037bc7e464f910ac2f6dd5e87ffc5d57665a470dcadb3137c9c,shadow,moderate,completed,adversarial,0.998866617679596,blocked,81
adversarial/scan_20260830_135031_939947_3dd64e35/crop_00.png,98d44dc69470f622b5efc973afded54ad5ed4cceda25d9ad04f5293bd3bb1783,adversarial,gallery,47659e06b0a54865421d6e0270f16fae1a7fa7f097766d3a5d9b6a53948c002e,normal,none,completed,adversarial,0.9996708035469055,blocked,81
adversarial/scan_20260830_135036_708969_8ddd5278/crop_00.png,020d19384b272d5e412fcbcb89c4a3848ed58a944ff8640ea571b750a496400b,adversarial,camera,47659e06b0a54865421d6e0270f16fae1a7fa7f097766d3a5d9b6a53948c002e,normal,none,completed,adversarial,0.9993000030517578,blocked,81
adversarial/scan_20260830_135050_574166_050f3066/crop_00.png,f98471d8b9a1f16a04d10f5220b125e65f579958ad7599c29276a9a04609eb06,adversarial,gallery,bc088b6b2baa123fcfc4bf4331b4bf09d0962a576d431d98a4ba11450d3b0b84,normal,none,completed,adversarial,0.9998654723167419,blocked,81
adversarial/scan_20260830_135054_938005_88483e4d/crop_00.png,bacdec7ae05d19c13374e8a9b70fd019d4b197d1074574f436bd4238b1df03fc,adversarial,camera,bc088b6b2baa123fcfc4bf4331b4bf09d0962a576d431d98a4ba11450d3b0b84,normal,none,completed,clean,0.07460635900497437,safe,1
adversarial/scan_20260830_135108_866911_03d1970f/crop_00.png,881fd66f31b00a35857480e57fc001aeb5ecc24535288f65c58e762327c52a13,adversarial,gallery,e47d71de811447fff0df3ea39dd62d11489fb855dfb801abe5361aafff6e6254,overexposure,severe,completed,adversarial,0.9997909069061279,blocked,81
adversarial/scan_20260830_135112_212824_3e64e24a/crop_00.png,58736b0f03b9611ccdff359c71cb6f92e42cfa1e9ced131572a40e70f65b93d1,adversarial,camera,e47d71de811447fff0df3ea39dd62d11489fb855dfb801abe5361aafff6e6254,overexposure,severe,completed,adversarial,0.9846044182777405,blocked,79
adversarial/scan_20260830_135124_107887_c2b7ab88/crop_00.png,c8aa55e530f99d38a09545724448f1531ee2afacc7f46bba96fb1385f364bfb1,adversarial,gallery,843db5ebe25823b5fdb0c3da50bc3f925b253a0a1afd73bb810e107563037046,underexposure,mild,completed,adversarial,0.9997407793998718,blocked,81
adversarial/scan_20260830_135127_405164_07a8578d/crop_00.png,7298e051e4f3ddb6de8761631a33cd6d2e9ac2dc6025b530395fcc74e0252a23,adversarial,camera,843db5ebe25823b5fdb0c3da50bc3f925b253a0a1afd73bb810e107563037046,underexposure,mild,completed,adversarial,0.9907761812210083,blocked,80
adversarial/scan_20260830_135141_002796_5fc57dcf/crop_00.png,4a9042feb47e939905da16110265482bad9fb22d6b186b383b0f89cbe43dbdcb,adversarial,gallery,d48010293eac4b9b7ad93f54aaf3492db9ac2be42434f430665343d407cc2407,motion_blur,moderate,completed,adversarial,0.9998533129692078,blocked,81
adversarial/scan_20260830_135144_747689_bd16fc14/crop_00.png,374c2b577a30a09e3f980fef3da641da3559237ca28b4c1550da74ec3c4d6f02,adversarial,camera,d48010293eac4b9b7ad93f54aaf3492db9ac2be42434f430665343d407cc2407,motion_blur,moderate,completed,adversarial,0.999106228351593,blocked,81
adversarial/scan_20260830_135155_120264_859c60fc/crop_00.png,c80dde8911d020472d69144d66e9a5a149e680f440a8a16665fbd0e850239295,adversarial,gallery,435ea8bcfd9a80e9ffc5a97d7030fecdc70c8d4f50998f3212adb06270ef65c8,motion_blur,severe,completed,adversarial,0.9998186826705933,blocked,81
adversarial/scan_20260830_135159_930068_6266d8dd/crop_00.png,26eaea19b4fb34837088f1a27b99bba193b9e58011a34a3d5722e15357e32e2b,adversarial,camera,435ea8bcfd9a80e9ffc5a97d7030fecdc70c8d4f50998f3212adb06270ef65c8,motion_blur,severe,completed,adversarial,0.7410858869552612,blocked,76
adversarial/scan_20260830_135212_207796_f7f39a6a/crop_00.png,9af81453b1e1158a38d362d9782e6a359f4352125dfeb015b302740cdf1588b7,adversarial,gallery,cf3d08cb3e0b27ccf0f492f32bf2cfb6bf5a5ad99f56b6d5a11b544a41a2187c,defocus_blur,moderate,completed,adversarial,0.9999181628227234,blocked,81
adversarial/scan_20260830_135215_100173_55ca6da2/crop_00.png,1fe5ba6d29a6b25cf8d058bf03cde7ccaf32c9fbda75e324bbda20408688bae4,adversarial,camera,cf3d08cb3e0b27ccf0f492f32bf2cfb6bf5a5ad99f56b6d5a11b544a41a2187c,defocus_blur,moderate,completed,adversarial,0.9999313354492188,blocked,81
adversarial/scan_20260830_135227_693551_431ccb2e/crop_00.png,9a3baeff79b714e0ab33b26a2cc898abd4ddbf30fb714b2b7fc2c0210c5c54d5,adversarial,gallery,d83334958e729348d318ebcd2f3285de69c9daa24cb652743b7ef5f9166d43f1,far_distance,severe,completed,adversarial,0.9991015195846558,blocked,81
adversarial/scan_20260830_135230_542833_71b1ec78/crop_00.png,0edb526b22197c8a9153e8918fe1c47bd98a40b3b95d3a1f7098039e1b020f2b,adversarial,camera,d83334958e729348d318ebcd2f3285de69c9daa24cb652743b7ef5f9166d43f1,far_distance,severe,completed,adversarial,0.9992724061012268,blocked,81
adversarial/scan_20260830_135337_298813_43b79f1b/crop_00.png,385ae72bb3b6ec31470295a65eb3b91c2863cc347d53f70aecd95b07b4314736,adversarial,gallery,bf932ce8d523f1b11aa26fd5a757cb1599b52377071caf13c47d4ac7272af760,perspective,moderate,completed,adversarial,0.9998193979263306,blocked,81
adversarial/scan_20260830_135340_942209_347d7752/crop_00.png,de8508bcb450d3e68a938a6e0d3fd318a64d688b638e7724c815eb422ee898e9,adversarial,camera,bf932ce8d523f1b11aa26fd5a757cb1599b52377071caf13c47d4ac7272af760,perspective,moderate,completed,adversarial,0.9998388290405273,blocked,81
adversarial/scan_20260830_135358_487799_66b5894d/crop_00.png,772cdc63dd9cb6e948c9566fa5635bc2f1d52d9008d0e00cce94816e1279c15f,adversarial,gallery,0f0be9183eb46b7cd5453df3693ca49dd51f8174afe35dd89618efc02803c3f8,shadow,moderate,completed,adversarial,0.9995028972625732,blocked,81
adversarial/scan_20260830_135401_845897_c030d797/crop_00.png,3cc645659cbb73f353cb39827fab8c6aba390a18ff1f49a078cc5c68e82c0f57,adversarial,camera,0f0be9183eb46b7cd5453df3693ca49dd51f8174afe35dd89618efc02803c3f8,shadow,moderate,completed,adversarial,0.9947962164878845,blocked,81
clean/scan_20260830_061200_103901/crop_00.png,ba003869a399f62f962cee4cb8b29a654f22e4f6adb64e3a1a67a3197d8261ba,clean,gallery,6ae8411d6a7a26b976da4e5999ef685de41ba8ce4274b87d980430aa41c20d63,normal,none,completed,clean,0.0003832578659057617,safe,0
clean/scan_20260830_061330_585723/crop_00.png,f258a2d0fffabeb85dca10d7a887123dfc1f07034aeafee297258e290def3f86,clean,camera,6ae8411d6a7a26b976da4e5999ef685de41ba8ce4274b87d980430aa41c20d63,normal,none,completed,clean,6.604194641113281e-05,safe,0
clean/scan_20260830_115703_589823_e6ef293d/crop_00.png,f9a6f00fd5a33247ea6d321eb6158fda9494d35460863c1958b83fe507425078,clean,camera,3f657767f951b9f4ade436b5c9af1f7574dc80af851c2f032a20cbd4eae3a2a2,underexposure,moderate,completed,clean,0.008095383644104004,safe,0
clean/scan_20260830_115744_363927_02bbc7ea/crop_00.png,7eb4639718e55cd20387e98038aaf141c5efb5b3ca3dbaaf9181ff852eeb2f45,clean,camera,e48849c63e03eb35c256c9a8c0aebb92015ce4046d4af0b691155fd0b6407ef1,motion_blur,severe,completed,clean,0.0019003748893737793,safe,0
clean/scan_20260830_115748_148072_cfdac572/crop_00.png,1d048ec4322d39d092a098b83dd97b5e5d1b74bcc8e3251e54ff6531fdb797cd,clean,camera,9be618acc74782dbe3d579c52f5191a20c8a5a3dd79d39750491e232566d8f1f,defocus_blur,mild,completed,clean,5.936622619628906e-05,safe,0
clean/scan_20260830_115755_716437_30053502/crop_00.png,8a051529269c6274130470142e4a7f9ca123cb9662cbe306e9bfb0d45eacf9c2,clean,camera,bed4a875eb34a67d4e9a87344a7a85fb68dff8051bf1e9b9a97637928396e26d,defocus_blur,moderate,completed,clean,0.0007972121238708496,safe,0
clean/scan_20260830_120205_239152_9692c27c/crop_00.png,5dc3475feaccbf6896226044baffc25a4a4da029df602be6c746803277ea28a6,clean,camera,e64e98cd266702ad554086df6358c489f8d24984047d2525bec1018062f5a850,perspective,mild,completed,clean,0.0009604096412658691,safe,0
clean/scan_20260830_120208_669068_bfc25727/crop_00.png,1ad634b10b091f8b4274a67b7c9bda0c8a9ba15898f956f33b9506d244e4d241,clean,camera,81b5d2d78270718597963ca87825602a4b36b30a1e6ba0b9ce673a468263ad70,perspective,mild,completed,clean,0.00011742115020751953,safe,0
clean/scan_20260830_120545_556770_34a90b74/crop_00.png,04d18d585b919b9500df6731262aaa05536ddc8e121c6d993ee47d218357668c,clean,camera,5ead5247b57a89eae13b739b7bf49255fa914e64911905a34bd54ac81d584f77,screen_moire_or_compression,moderate,completed,clean,0.0037741661071777344,safe,0
clean/scan_20260830_120549_623788_4456990c/crop_00.png,3a8bc00dd61f1688e9984d565800f3be90c3a14e699a72a13711c089a1ebd91e,clean,camera,ffca62d72ffddca705c480052fb44dfc44a7bc1df06326751c79edf2722281a0,screen_moire_or_compression,severe,completed,clean,0.00010526180267333984,safe,0
clean/scan_20260830_120627_617714_3fba83b3/crop_00.png,3c24c2aa3d8221ab1ca46e82bbed1d147344fec598b09873365aa3ecccfc7bc3,clean,camera,93421cf9396b6cbe9b8559100f2cf1e7e0966c43b4289c52cdef81a40f13a18a,overexposure,mild,completed,clean,0.00013327598571777344,safe,0
clean/scan_20260830_122300_305196_6ccae71c/crop_00.png,482ac45c7425dcc2e0a2a13acad12e02366508abc9696a9a5970395595234b63,clean,gallery,3f657767f951b9f4ade436b5c9af1f7574dc80af851c2f032a20cbd4eae3a2a2,underexposure,moderate,completed,clean,5.1021575927734375e-05,safe,0
clean/scan_20260830_122410_943270_1d0b9a7d/crop_00.png,f0cc7895d0f69e92fc57b1dbd0a3892ec9e000219cdae3d55095eb58f3c07190,clean,gallery,e48849c63e03eb35c256c9a8c0aebb92015ce4046d4af0b691155fd0b6407ef1,motion_blur,severe,completed,clean,0.0003032684326171875,safe,0
clean/scan_20260830_122430_216545_33db8d5f/crop_00.png,a4ce9cf29385bfe4b5b6fd8393d3f6bef49362df6ed34cc20d7ff5ca2e93eef2,clean,gallery,9be618acc74782dbe3d579c52f5191a20c8a5a3dd79d39750491e232566d8f1f,defocus_blur,mild,completed,clean,0.00022095441818237305,safe,0
clean/scan_20260830_122438_865831_acf798ba/crop_00.png,77602a13b7abce09224333d19847b2472eee4bfd2bc1ea6dc3c773b16970ea80,clean,gallery,bed4a875eb34a67d4e9a87344a7a85fb68dff8051bf1e9b9a97637928396e26d,defocus_blur,moderate,completed,clean,0.0003979802131652832,safe,0
clean/scan_20260830_122457_319895_f0e097d8/crop_00.png,be7839ea95099368ffa726a12d9d3adcc6b81f24dc49a95ab15e42a5c6224108,clean,gallery,e64e98cd266702ad554086df6358c489f8d24984047d2525bec1018062f5a850,perspective,mild,completed,clean,0.00011515617370605469,safe,0
clean/scan_20260830_122505_735747_7fd55e91/crop_00.png,8c2acdf4b1f5a470c9fc3521a8d8cd8f6b25e573c4a43b387861b46685c6728a,clean,gallery,81b5d2d78270718597963ca87825602a4b36b30a1e6ba0b9ce673a468263ad70,perspective,mild,completed,clean,0.00029283761978149414,safe,0
clean/scan_20260830_122521_827160_198e14cc/crop_00.png,9ad950f7a987b0dbce8b417a2cb2a50397ccdb2ba1f4d0942945b7bb867b58ad,clean,gallery,5ead5247b57a89eae13b739b7bf49255fa914e64911905a34bd54ac81d584f77,screen_moire_or_compression,moderate,completed,clean,0.00023347139358520508,safe,0
clean/scan_20260830_122530_453358_26a865b3/crop_00.png,a2a81580a95113c74decbfe01288e0372e6a01d8c259f210d1cdc118dcc89486,clean,gallery,ffca62d72ffddca705c480052fb44dfc44a7bc1df06326751c79edf2722281a0,screen_moire_or_compression,severe,completed,clean,0.00014162063598632812,safe,0
clean/scan_20260830_122547_769943_0aaf5982/crop_00.png,be80aae607da944e9a6062bc999a46217a7c4cb47517357d644481f76a55352d,clean,gallery,93421cf9396b6cbe9b8559100f2cf1e7e0966c43b4289c52cdef81a40f13a18a,overexposure,mild,completed,clean,0.00017201900482177734,safe,0
clean/scan_20260830_132650_339114_394b7db7/crop_00.png,7d38ac82860a95e0bdb6b2929caa2cedefe30235aefd6aa0aa35c845d879b904,clean,camera,089085039972a33c1e3fe0892fa16a917e1ffd710768005ccdd0949bfa842df2,normal,none,completed,clean,0.002688288688659668,safe,0
clean/scan_20260830_134559_606320_88625938/crop_00.png,0afa4846695314fd7309b8e08e9f513d3739595657ccb907a35c6f17bbcbfd41,clean,gallery,089085039972a33c1e3fe0892fa16a917e1ffd710768005ccdd0949bfa842df2,normal,none,completed,clean,0.00011229515075683594,safe,0
clean/scan_20260830_134630_786530_95029359/crop_00.png,452926f1b5e0f9a8218a65e312c2ed24ab10dcea80d07345810f85a53dc9df03,clean,gallery,84953b45ed6540120a31b124cf4ae5ab03db78037e0e2eb113fdbace23ca098d,normal,none,completed,clean,8.738040924072266e-05,safe,0
clean/scan_20260830_134640_677014_1ad14abf/crop_00.png,1467e5316b739f542958c955361813dc33acf38c263b6dbf8717281e9ac2519c,clean,camera,84953b45ed6540120a31b124cf4ae5ab03db78037e0e2eb113fdbace23ca098d,normal,none,completed,clean,0.021425604820251465,safe,0
clean/scan_20260830_134712_171906_ca9509d3/crop_00.png,697a97fdc10bba4c74fb76d06b797428b7198fc074ed4ee0c4fcf6381b9183af,clean,gallery,6e3fbf3fceb52b39b89dd033dd826db9f6b0c16d6f003374e9754a5f91427ab8,overexposure,moderate,completed,clean,1.3470649719238281e-05,safe,0
clean/scan_20260830_134725_291993_38bc3728/crop_00.png,4ba53597b1c1bda643eda74adf6ac3682b0aa9cf4b9c70b4c2d2ff83edda5e11,clean,camera,6e3fbf3fceb52b39b89dd033dd826db9f6b0c16d6f003374e9754a5f91427ab8,overexposure,moderate,completed,clean,0.001387953758239746,safe,0
clean/scan_20260830_134741_509490_3e49b73d/crop_00.png,ebc5403e9b73417772f47266d30fab11eeda28dbaf66e499e77434dc1b99bb18,clean,camera,6530c0d9e20704f15e37d2c6c6b7e88f83673816ca6391852aeca0e0cbf380a2,overexposure,severe,completed,clean,0.0080910325050354,safe,0
clean/scan_20260830_134754_303251_348ef2d2/crop_00.png,cfeb63dc9dc1c31e44ef0d6e22c91806329fb22988c57e1e30c3cf71fa9b45f6,clean,gallery,6530c0d9e20704f15e37d2c6c6b7e88f83673816ca6391852aeca0e0cbf380a2,overexposure,severe,completed,clean,0.00011467933654785156,safe,0
clean/scan_20260830_134811_759961_15af5890/crop_00.png,16527aeecc15da946e27d2267434e3a4610abeab865253c61b375399d06fdd4e,clean,gallery,20f73ab0c3d07dbb237bf6be0efbfc4595d1a368ccb7161beb2148748e390a86,underexposure,moderate,completed,clean,0.0003801584243774414,safe,0
clean/scan_20260830_134817_427673_dae4a899/crop_00.png,8b91a176f69843e6035cb15c026bdcea945cd27c9be72abc949f2c723b1b303f,clean,camera,20f73ab0c3d07dbb237bf6be0efbfc4595d1a368ccb7161beb2148748e390a86,underexposure,moderate,completed,clean,0.009545505046844482,safe,0
clean/scan_20260830_134832_979116_b9db920e/crop_00.png,9e6074bb0c3cce67973ac1fbd81dd0d1682657d01299e0e374fcc1f2ea41b568,clean,gallery,d2e1b4911ba3d12ed7ee538009a686524cecdbfd5cc7934d1a2af8d8440876e2,motion_blur,mild,completed,clean,0.004139125347137451,safe,0
clean/scan_20260830_134838_251909_51e06e79/crop_00.png,6f8eff7464c027ca022bfd15446f6fb00c997feec4d5b7fceb09e68e3020c8d9,clean,camera,d2e1b4911ba3d12ed7ee538009a686524cecdbfd5cc7934d1a2af8d8440876e2,motion_blur,mild,completed,clean,0.03511589765548706,safe,1
clean/scan_20260830_134859_442273_c23c7c12/crop_00.png,e5b2e9b1ad4f73ab68042fb661a282c164bd7df4aabb9e574a5d3451437b4e4e,clean,gallery,2b9450c20d22cb25c9e56a8e92b6d9c5333544df819b3b132907fc066e9d994f,defocus_blur,moderate,completed,clean,9.548664093017578e-05,safe,0
clean/scan_20260830_134902_814291_ce8648c9/crop_00.png,bf2eeb9ada2ccf384d1fcd210b3a94e94de0f802b720234555fc7c02ed8697c1,clean,camera,2b9450c20d22cb25c9e56a8e92b6d9c5333544df819b3b132907fc066e9d994f,defocus_blur,moderate,completed,clean,0.00031447410583496094,safe,0
clean/scan_20260830_134916_417352_0e378b53/crop_00.png,4e4b35daeba449c1d97ad2905da7937559f279754cf522e6f9c4016165647d2d,clean,gallery,1e16776c50d67ec5ceaecd689b69ab9d1c14295d3469c55ba542cc007cd7e26c,far_distance,moderate,completed,clean,0.0001963973045349121,safe,0
clean/scan_20260830_134925_170419_2cd8f474/crop_00.png,a1a5c044a9795d42687ac6f61f607f295161b11a64e581095c26886ec3df6990,clean,camera,1e16776c50d67ec5ceaecd689b69ab9d1c14295d3469c55ba542cc007cd7e26c,far_distance,moderate,completed,clean,0.00030350685119628906,safe,0
clean/scan_20260830_134932_022939_d7e6122e/crop_00.png,8766d7c97158ee20c85d598fa631d440f41ae248c6a86ed169dc3e2baa181d0b,clean,camera,48bdee77696df7d9deae4501fb53c552b6306b77b9df4e88cab4539e9ecebba5,perspective,mild,completed,clean,0.00034248828887939453,safe,0
clean/scan_20260830_134952_918903_d188f09a/crop_00.png,bfb23a9ab8c09a564d09089bb774b3590b666c47af921e3d92d590b29be873d3,clean,gallery,48bdee77696df7d9deae4501fb53c552b6306b77b9df4e88cab4539e9ecebba5,perspective,mild,completed,clean,0.00011968612670898438,safe,0
clean/scan_20260830_135010_231123_7dd0ef8c/crop_00.png,3c9464024f6fcc1105a14e644597c23d893ecac43c7ff7cb1adf4ee3edcc3232,clean,gallery,a1ac67c51f006afd4c8d6c933bcc31ca74d3a92cc45d7d59a34028168e998325,screen_moire_or_compression,severe,completed,clean,0.0005355477333068848,safe,0
clean/scan_20260830_135013_276481_6d46569d/crop_00.png,0446a77c1840ad35268dd109ee1022d537dc095304e4d6a99e796722b8843d59,clean,camera,a1ac67c51f006afd4c8d6c933bcc31ca74d3a92cc45d7d59a34028168e998325,screen_moire_or_compression,severe,completed,clean,0.05972898006439209,safe,1
tampered/scan_20260830_121302_400622_c1a28ab8/crop_00.png,f8ff62ebccd5d8bdcc538ae94d87be2e3b6605a09c17b579d4227a5b70f96e9a,tampered,camera,5cf62b67bb5e928a05f90e6d6abe96db8cdd400d0a5bdc00b4f7ea1fa8e5ee43,normal,none,completed,tampered,0.9999681115150452,blocked,81
tampered/scan_20260830_121328_252334_6231d335/crop_00.png,de31fa7619c3e6d8d8912c86a8075850cc4ac535ec639e9ed9a6e39fb0ca5ade,tampered,camera,2fbd766c3eda794502dbac5650b3b5723f383896d3c8da081c5997164287fabc,underexposure,moderate,completed,tampered,0.9999881386756897,blocked,81
tampered/scan_20260830_121335_504158_efca5f30/crop_00.png,942daffeabffc45bd14a3b34d377bcc7bcc4c25ee68d1fa179712ee09712d34c,tampered,camera,06d62036d32a7db04993e2fbfb64c316e406fc6904d03b57d22f3bf593bb87b2,motion_blur,mild,completed,tampered,0.999992311000824,blocked,81
tampered/scan_20260830_121341_634757_db7af577/crop_00.png,21a956c724269b372647330282883e2a5efd9608c4995e3935535b499ecdd843,tampered,camera,1e32d916f6c864fd821aefc3966a19e9e624b546102c9d02240b5c747786df15,motion_blur,moderate,completed,tampered,0.999994158744812,blocked,81
tampered/scan_20260830_121402_036235_323f5bc0/crop_00.png,0452e8ea80903e78bc2af87af4f648049adb62f695e57f75284dd9ea9750d70b,tampered,camera,46531435077f46d2f1f646274feeb9dd87e0ae19e3b6dbc813fd5a5a043c2671,defocus_blur,moderate,completed,tampered,0.9999817609786987,blocked,81
tampered/scan_20260830_121414_180132_167140df/crop_00.png,bf61093f95b513116f311173853eda3420d2ce6da21be2e91d8aa1c56c00e031,tampered,camera,aae8ec4e80ef6c90218dc5ebcc9d76e528ab17e8af9d30f9347ea3bf20e179d4,far_distance,mild,completed,tampered,0.9999728202819824,blocked,81
tampered/scan_20260830_121434_910157_7edfc16f/crop_00.png,6874b2b29be074fe7978a0e19f7d467634a51d3ac4ce8c048afbeb44c53f950c,tampered,camera,ac97d4ba305f34bc946a13bdeacfe2678828b38d84891ee5b5510c3922b7a1ca,perspective,severe,completed,tampered,0.9999765753746033,blocked,81
tampered/scan_20260830_121440_033987_c3223f6d/crop_00.png,fbf76cd2a0c41d48171083feeee8a84ccd8f8a276cf6a04168a7aada008be08c,tampered,camera,7b15780877c9736261ef24b35f3bd4f91889c76fc477831a0aa57727807ca9e6,glare,mild,completed,tampered,0.9999687075614929,blocked,81
tampered/scan_20260830_121449_987503_0d942741/crop_00.png,e83672bb564c75ad248ab9fdd50fd607e4e6ceafde1d0f8fe736f066ea3c6be7,tampered,camera,9612191d5b2dc38ebda5ff48b6e90d7e908ce1211bf111751e4749172c67f8a0,shadow,mild,completed,tampered,0.9999832510948181,blocked,81
tampered/scan_20260830_121506_085850_b459bfda/crop_00.png,6d9534f11aa07fc86f0fadc513c75c9a09e930ee586213ef7242284c44b85b58,tampered,camera,b2d880066365021e2267b5ba7946eb1c8dfd88228c4856285173f51f5d021b14,screen_moire_or_compression,mild,completed,tampered,0.99932461977005,blocked,81
tampered/scan_20260830_122838_899140_b57c802f/crop_00.png,60ba76ee04e517fee3ff5a115a658d6601d9e2554668af57ff3407c71bce009b,tampered,gallery,5cf62b67bb5e928a05f90e6d6abe96db8cdd400d0a5bdc00b4f7ea1fa8e5ee43,normal,none,completed,tampered,0.9999755620956421,blocked,81
tampered/scan_20260830_122902_229671_98d1d263/crop_00.png,2fbdaad021ccea373cead909f9d52e9fff96ca81b56231439d1556ddec2a6b98,tampered,gallery,2fbd766c3eda794502dbac5650b3b5723f383896d3c8da081c5997164287fabc,underexposure,moderate,completed,tampered,0.9999628663063049,blocked,81
tampered/scan_20260830_122920_799700_b12111ff/crop_00.png,4ff8941c8bd2ba5577ece942c7ce1a647fda3bfdfa6d97882c210a2d905f9f14,tampered,gallery,1e32d916f6c864fd821aefc3966a19e9e624b546102c9d02240b5c747786df15,motion_blur,moderate,completed,tampered,0.9999836683273315,blocked,81
tampered/scan_20260830_122937_419484_53fc3eda/crop_00.png,f42ffd2067f2bdc1c903264b8a2909ef344813c5a4687c624c559a104461a203,tampered,gallery,46531435077f46d2f1f646274feeb9dd87e0ae19e3b6dbc813fd5a5a043c2671,defocus_blur,moderate,completed,tampered,0.9999957084655762,blocked,81
tampered/scan_20260830_122953_264020_4a25bd16/crop_00.png,38478ebbff391014cc3364fea4a622c73ab6f794d828b4993d29dde804045580,tampered,gallery,aae8ec4e80ef6c90218dc5ebcc9d76e528ab17e8af9d30f9347ea3bf20e179d4,far_distance,mild,completed,tampered,0.9999949336051941,blocked,81
tampered/scan_20260830_123006_657053_6ec43268/crop_00.png,ba370f7783b09e02e941264e1f20f6f7c2c4d2003e92972944c56835eb2be788,tampered,gallery,ac97d4ba305f34bc946a13bdeacfe2678828b38d84891ee5b5510c3922b7a1ca,perspective,severe,completed,tampered,0.9999905228614807,blocked,81
tampered/scan_20260830_123020_651325_69e610cf/crop_00.png,d8383ae3334ac964a1f4920adbba17e7a6ba82e5603ed98363c2383b0a540ecb,tampered,gallery,7b15780877c9736261ef24b35f3bd4f91889c76fc477831a0aa57727807ca9e6,glare,mild,completed,tampered,0.9999921917915344,blocked,81
tampered/scan_20260830_123711_014836_e3bc0fa3/crop_00.png,4e33e12cb45faa736090c47e297c313bca9b114127267979329e19d7763f0c94,tampered,gallery,06d62036d32a7db04993e2fbfb64c316e406fc6904d03b57d22f3bf593bb87b2,motion_blur,mild,completed,tampered,0.9999862909317017,blocked,81
tampered/scan_20260830_123738_504503_2c2598d6/crop_00.png,d59dfa1729f042e4f13f23a4d304663b44ce26b3c76aba668c7cb515cab193db,tampered,gallery,9612191d5b2dc38ebda5ff48b6e90d7e908ce1211bf111751e4749172c67f8a0,shadow,mild,completed,tampered,0.9999970197677612,blocked,81
tampered/scan_20260830_123758_291349_798948e4/crop_00.png,640f9b2ee5ed1f6e9c4582763bbb5a9e7f7d74142b1c6e2cb715bc2fdab8d9b1,tampered,gallery,b2d880066365021e2267b5ba7946eb1c8dfd88228c4856285173f51f5d021b14,screen_moire_or_compression,mild,completed,tampered,0.9999894499778748,blocked,81
tampered/scan_20260830_135416_568024_b71038cf/crop_00.png,c6aa92bf1ebf4f46bfab13e3a8449264fcc447b7ab9d865ba0af7fe01694844b,tampered,gallery,dd31f41e61c57912bca50e01dcfb81f787c7ffb93d064f80f7027952f14d93b8,overexposure,moderate,completed,tampered,0.999936580657959,blocked,81
tampered/scan_20260830_135430_753240_efee90ef/crop_00.png,5adc8fd61686b82245462363d00e5e36ad736907660dd3967a7c469fbd190d5b,tampered,camera,dd31f41e61c57912bca50e01dcfb81f787c7ffb93d064f80f7027952f14d93b8,overexposure,moderate,completed,tampered,0.9996256828308105,blocked,81
tampered/scan_20260830_135443_998344_cbbf80fa/crop_00.png,6f6e6c1d3d030c3c6a25f1dc9c1c45924499be0d9ff27bdd6d61856a0fa1bf48,tampered,gallery,ef67290ce8badff45db6d552a9f6b6eca0565251f12f4acc75377bc35fd76956,motion_blur,mild,completed,tampered,0.9999867677688599,blocked,81
tampered/scan_20260830_135447_156350_fe4b857d/crop_00.png,b65ae0f365fd2211710259e44e2fe3dd8d3f5864836682d272ad6f3fa5b67cf2,tampered,camera,ef67290ce8badff45db6d552a9f6b6eca0565251f12f4acc75377bc35fd76956,motion_blur,mild,completed,tampered,0.9999936819076538,blocked,81
tampered/scan_20260830_135459_399737_38be1d4c/crop_00.png,40d19a45b86f8b5fcab9567acf8cc60ec3629110bec91ef024ef6ea4389de1b0,tampered,gallery,b2e474523bcc9843d5944e482daa06460757c05872b2a24049e780de975933cd,motion_blur,mild,completed,tampered,0.9999982118606567,blocked,81
tampered/scan_20260830_135502_908341_39540826/crop_00.png,757ce0ccef3382af7480252a5c15c016a8488da0d32efca40b905701ac54564e,tampered,camera,b2e474523bcc9843d5944e482daa06460757c05872b2a24049e780de975933cd,motion_blur,mild,completed,tampered,0.9998859763145447,blocked,81
tampered/scan_20260830_135515_281141_fcf09115/crop_00.png,8749718526b8e7926ad19f90ae947b3dd3072b2ecc0ef3de88cec81b61d4c421,tampered,gallery,ecd4b1648e5d0fe0b2be437c79d7c2b8657aa3d0e7eb97deaa65b88f8defb740,motion_blur,severe,completed,tampered,0.9999976754188538,blocked,81
tampered/scan_20260830_135518_664272_4406af9a/crop_00.png,984787a6666fe671d8a56d506074ca0e74d0141fbed772f474218b533efb22ed,tampered,camera,ecd4b1648e5d0fe0b2be437c79d7c2b8657aa3d0e7eb97deaa65b88f8defb740,motion_blur,severe,completed,tampered,0.9999619722366333,blocked,81
tampered/scan_20260830_135534_700157_6542d5e9/crop_00.png,47919c52bfc0958a3a872c92a5ffd33c7c65a82114732384d48196da0e9f6e60,tampered,gallery,ce9fcd9e9a04cd891cd50694e74d9857301957069d0873f73b50178162391f93,far_distance,mild,completed,tampered,0.9997496008872986,blocked,81
tampered/scan_20260830_135539_221593_0cfbbcda/crop_00.png,227f2e62e8aa1c40774b2f1beb331a4d9c981fd423c78e7243bf278ae521682d,tampered,camera,ce9fcd9e9a04cd891cd50694e74d9857301957069d0873f73b50178162391f93,far_distance,mild,completed,tampered,0.9997901916503906,blocked,81
tampered/scan_20260830_135552_878018_5f757062/crop_00.png,56658e6feb50db0d0f7caef5f006a4c28982d8a6df80ade7189bf04eeac5dc94,tampered,gallery,062d89593c9ba30f7f43d958d7315e4c085c52af6b76117d44f1733ad54e4e51,perspective,mild,completed,tampered,0.9999955892562866,blocked,81
tampered/scan_20260830_135556_445741_f683e414/crop_00.png,eb6f2c188dbb388f908108c4ea2138d4f98757f2b79a79de7291cd6cf2cf1602,tampered,camera,062d89593c9ba30f7f43d958d7315e4c085c52af6b76117d44f1733ad54e4e51,perspective,mild,completed,tampered,0.9995865821838379,blocked,81
tampered/scan_20260830_135606_662239_51a9ee48/crop_00.png,588cd561d27c365890ea2e22e6e2343e8be9ee74e4f47dd15e931b32ffd7e59c,tampered,gallery,a2fd276ac76db81d31b1517986a057eb0ce3838b0df5e9392c2a885354369691,perspective,moderate,completed,tampered,0.9999902844429016,blocked,81
tampered/scan_20260830_135609_885553_69e166b7/crop_00.png,7f40bf851360dc9b2898c1b40da18594f9ab18816c38e366fcbfe0d4efa9be80,tampered,camera,a2fd276ac76db81d31b1517986a057eb0ce3838b0df5e9392c2a885354369691,perspective,moderate,completed,tampered,0.9996979236602783,blocked,81
tampered/scan_20260830_135626_333128_38608756/crop_00.png,bb2b546ec498eb39f4d4f90d3936a0adb7511245bedae0923c2215601dd42d19,tampered,gallery,fc2270627417dfd426df3d7edbb7d79eb287e79befc0ba6e83e1e43b671aa967,shadow,moderate,completed,tampered,0.9999821782112122,blocked,81
tampered/scan_20260830_135629_260676_831ca6aa/crop_00.png,e32d9be75844f77ec6aeb98f528e6c5ff0993bb4e849f476742e98bdd35356b8,tampered,camera,fc2270627417dfd426df3d7edbb7d79eb287e79befc0ba6e83e1e43b671aa967,shadow,moderate,completed,tampered,0.939845860004425,blocked,76
tampered/scan_20260830_135640_119106_cecf8909/crop_00.png,04e2b6fd449c76b55b56758ae12f9dde41191540982e3114a1b9d8b8b7399771,tampered,gallery,8419e756b9ca879fc4e9e5e1196b730d52b2f2794f175be47b19274e8c05c440,shadow,severe,completed,tampered,0.9999932050704956,blocked,81
tampered/scan_20260830_135642_765882_baf8ec87/crop_00.png,e7787f00c381307f9fbebb1c4e4753cb9913a4478027db69116f7c05b8fab3ff,tampered,camera,8419e756b9ca879fc4e9e5e1196b730d52b2f2794f175be47b19274e8c05c440,shadow,severe,completed,tampered,0.9999144077301025,blocked,81
tampered/scan_20260830_135655_365673_265e32c0/crop_00.png,dd3fd9d4ebcea99f5370856354cc3866d3f839db3bc708cd5105942dc75c2269,tampered,gallery,1c33bd3141a3427e396929bd496c4019bc764e0b652f8e4a6d13a020b64a578d,screen_moire_or_compression,severe,completed,tampered,0.9999954700469971,blocked,81
tampered/scan_20260830_135658_247767_f131fbbf/crop_00.png,93029ec29e0b77dc1f2980cf6d8901dccc94854dedb119471a4db0682240026e,tampered,camera,1c33bd3141a3427e396929bd496c4019bc764e0b652f8e4a6d13a020b64a578d,screen_moire_or_compression,severe,completed,tampered,0.9999438524246216,blocked,81
